{"cameraMode":{"drawMode":0,"name":"Shaded","section":"Shading Mode"},"sceneLighting":false,"audioPlay":false,"sceneViewState":{"showFog":true,"showMaterialUpdate":false,"showSkybox":false,"showFlares":true,"showImageEffects":true,"showParticleSystems":true},"in2DMode":false,"pivot":{"x":-0.8334394693374634,"y":0.8782709836959839,"z":-0.35208022594451907},"rotation":{"x":0.08250124752521515,"y":0.18133974075317384,"z":-0.015266934409737587,"w":0.9798397421836853},"size":1.0423084497451783,"orthographic":true}